Order_ID,Product_Name,Category,Customer_ID,Region,Quantity,Unit_Price,Discount,Sales,Profit,Order_Date
1001,Laptop,Electronics,C001,North,1,50000,0.10,45000,12000,2024-01-05
1002,Mouse,Electronics,C002,South,5,500,0.05,2375,700,2024-01-08
1003,Desk Chair,Furniture,C003,East,2,5000,0.15,8500,2000,2024-01-10
1004,Monitor,Electronics,C001,North,1,15000,0.08,13800,3600,2024-01-12
1005,Table Lamp,Furniture,C004,West,3,1200,0.00,3600,1200,2024-01-15
1006,Keyboard,Electronics,C005,South,2,2000,0.12,3520,800,2024-01-18
1007,Office Desk,Furniture,C006,East,1,12000,0.20,9600,2400,2024-01-20
1008,USB Cable,Electronics,C002,North,10,200,0.05,1900,500,2024-01-22
1009,Desk Organizer,Furniture,C007,West,4,800,0.10,2880,800,2024-01-25
1010,Webcam,Electronics,C008,South,1,8000,0.15,6800,2000,2024-01-28
1011,File Cabinet,Furniture,C009,East,2,8000,0.05,15200,4000,2024-02-01
1012,Headphones,Electronics,C010,North,3,3000,0.10,8100,2400,2024-02-03
1013,Monitor Stand,Furniture,C011,West,5,1500,0.15,6375,1750,2024-02-05
1014,Graphics Card,Electronics,C012,South,1,30000,0.20,24000,8000,2024-02-08
1015,Desk Mat,Furniture,C013,East,6,500,0.05,2850,900,2024-02-10
1016,Wireless Mouse,Electronics,C014,North,2,1500,0.10,2700,800,2024-02-12
1017,Bookshelf,Furniture,C015,West,1,6000,0.25,4500,1200,2024-02-15
1018,Power Bank,Electronics,C016,South,4,2500,0.08,9200,2800,2024-02-18
1019,Office Chair,Furniture,C017,East,3,7000,0.15,17850,4500,2024-02-20
1020,SSD 1TB,Electronics,C018,North,2,12000,0.10,21600,6600,2024-02-22
1021,Pen Holder,Furniture,C019,West,8,300,0.05,2280,800,2024-02-25
1022,Monitor Cable,Electronics,C020,South,7,400,0.00,2800,700,2024-02-28
1023,Standing Desk,Furniture,C021,East,1,25000,0.30,17500,5000,2024-03-02
1024,Mechanical Keyboard,Electronics,C022,North,2,6000,0.12,10560,3200,2024-03-05
1025,Desk Pad,Furniture,C023,West,5,900,0.10,4050,1300,2024-03-08
1026,External HDD,Electronics,C024,South,3,5000,0.15,12750,3800,2024-03-10
1027,Filing Cabinet,Furniture,C025,East,1,9000,0.20,7200,1800,2024-03-12
1028,USB Hub,Electronics,C026,North,4,1200,0.05,4560,1200,2024-03-15
1029,Printer Stand,Furniture,C027,West,2,2000,0.10,3600,1000,2024-03-18
1030,Portable Speaker,Electronics,C028,South,1,4000,0.25,3000,900,2024-03-20
1031,Corner Desk,Furniture,C029,East,1,15000,0.15,12750,3600,2024-03-22
1032,Laptop Stand,Electronics,C030,North,3,1800,0.08,4968,1500,2024-03-25
1033,Bookcase,Furniture,C031,West,2,5500,0.12,9680,2500,2024-03-28
1034,4K Monitor,Electronics,C032,South,1,45000,0.10,40500,12000,2024-03-30
1035,Desk Organizer Set,Furniture,C033,East,6,600,0.05,3420,1100,2024-04-02
1036,Wireless Charger,Electronics,C034,North,5,2000,0.15,8500,2500,2024-04-05
1037,Executive Chair,Furniture,C035,West,1,20000,0.20,16000,4000,2024-04-08
1038,Gaming Mouse Pad,Electronics,C036,South,8,800,0.10,5760,1600,2024-04-10
1039,Wall Mount,Furniture,C037,East,4,1500,0.08,5520,1600,2024-04-12
1040,USB Type-C Cable,Electronics,C038,North,12,300,0.05,3420,900,2024-04-15
1041,Ergonomic Desk,Furniture,C039,West,1,18000,0.25,13500,3500,2024-04-18
1042,Portable Projector,Electronics,C040,South,1,35000,0.15,29750,8900,2024-04-20
1043,Desk Light,Furniture,C041,East,7,1000,0.10,6300,1800,2024-04-22
1044,Laptop Cooler,Electronics,C042,North,2,3500,0.12,6160,1800,2024-04-25
1045,Storage Cabinet,Furniture,C043,West,1,11000,0.20,8800,2200,2024-04-28
1046,Mechanical Keyboard RGB,Electronics,C044,South,3,8000,0.15,20400,6000,2024-04-30
1047,Desk Partition,Furniture,C045,East,2,4000,0.10,7200,2000,2024-05-02
1048,Docking Station,Electronics,C046,North,1,12000,0.08,11040,3300,2024-05-05
1049,Office Sofa,Furniture,C047,West,1,22000,0.30,15400,4000,2024-05-08
1050,Monitor Light Bar,Electronics,C048,South,2,6000,0.12,10560,3200,2024-05-10
